Актикул;Partnumber;Категория;Производитель;Название;Розничная цена;Мелкий опт;Валюта
124838;HOT39D2A085;Кожухи для видеокамер (Ex);VIDEOTEC;Термокожух VIDEOTEC HOT39D2A085;5482;5334;Руб.
124805;NXW0K1025;Кожухи для видеокамер (Ex);VIDEOTEC;Кожух VIDEOTEC NXW0K1025;136024;133357;Руб.
147750;SNCA-HRX550/INT;Кожухи для видеокамер (Ex);Sony;Кожух Sony SNCA-HRX550/INT;31270;34810;Руб.
162007;WHE32-12V-mbsc25;Кожухи для видеокамер (Ex);Wizebox;Термокожух Wizebox WHE32-12V-mbsc25 с кронштейном;9037;По запросу;Руб.
124778;NXM0D1000B;Кожухи для видеокамер (Ex);VIDEOTEC;Кожух VIDEOTEC NXM0D1000B;65419;64085;Руб.
161975;SV32P-03/04МNR;Кожухи для видеокамер (Ex);Wizebox;Кожух Wizebox SV32P-03/04МNR защитный для видеокамер;15080;По запросу;Руб.
159618;CIVS-IPCA-1005=;Кожухи для видеокамер (Ex);Cisco;Купол Cisco CIVS-IPCA-1005=;3262;3262;Руб.
156336;ТВК-07-Н;Кожухи для видеокамер (Ex);Эридан;Взрывозащищённый термокожух Эридан ТВК-07-Н;67600;По запросу;Руб.
159152;UHO-HPS-51;Кожухи для видеокамер (Ex);BOSCH;Кожух BOSCH UHO-HPS-51;17014;17453;Руб.
100432;WIR26P;Кожухи для видеокамер (Ex);Wizebox;Термокожух Wizebox WIR26P;79703;72114;Руб.
100412;SVS32P-12V;Кожухи для видеокамер (Ex);Wizebox;Защитный кожух Wizebox SVS32P-12V;15721;14224;Руб.
100396;SVS26L;Кожухи для видеокамер (Ex);Wizebox;Защитный кожух Wizebox SVS26L;5439;4921;Руб.
100378;L320;Кожухи для видеокамер (Ex);Wizebox;Защитный кожух Wizebox L320;6783;5063;Руб.
100362;EL320-12V;Кожухи для видеокамер (Ex);Wizebox;Защитный кожух Wizebox EL320-12V;7129;5321;Руб.
100346;fresh 260-12V;Кожухи для видеокамер (Ex);Wizebox;Защитный кожух Wizebox fresh 260-12V;5049;3768;Руб.
124904;HEG37K1A000;Кожухи для видеокамер (Ex);VIDEOTEC;Корпус VIDEOTEC HEG37K1A000;13335;12298;Руб.
124879;HPV42K2A016;Кожухи для видеокамер (Ex);VIDEOTEC;Корпус VIDEOTEC HPV42K2A016;13706;13409;Руб.
125760;HOV-260H-12-24;Кожухи для видеокамер (Ex);LTV;Термокожух LTV HOV-260H-12-24;18100;По запросу;Руб.
100441;AWH32;Кожухи для видеокамер (Ex);Wizebox;Термокожух Wizebox AWH32;70291;59623;Руб.
100425;SV32-03/04M;Кожухи для видеокамер (Ex);Wizebox;Защитный кожух Wizebox SV32-03/04M;16190;16637;Руб.
100405;SVS32;Кожухи для видеокамер (Ex);Wizebox;Защитный кожух Wizebox SVS32;7895;7143;Руб.
158771;VGA-BUBBLE-CTIR;Кожухи для видеокамер (Ex);BOSCH;Купол BOSCH VGA-BUBBLE-CTIR;5495;5724;Руб.
117298;SHB-4300H;Кожухи для видеокамер (Ex);Samsung;Термокожух Samsung SHB-4300H;11811;По запросу;Руб.
100389;SVS21L;Кожухи для видеокамер (Ex);Wizebox;Защитный кожух Wizebox SVS21L;4778;4323;Руб.
103071;STH-5230D-PSU2;Кожухи для видеокамер (Ex);Smartec;Термокожух Smartec STH-5230D-PSU2;11876;10963;Руб.
155658;T95A00;Кожухи для видеокамер (Ex);AXIS;Купольный кожух AXIS T95A00;52818;По запросу;Руб.
100371;LS210-24V;Кожухи для видеокамер (Ex);Wizebox;Защитный кожух Wizebox LS210-24V;5515;4116;Руб.
100355;EL260;Кожухи для видеокамер (Ex);Wizebox;Защитный кожух Wizebox EL260;5446;4065;Руб.
133107;MX-WH-Dome;Кожухи для видеокамер (Ex);Mobotix;Кожух Mobotix MX-WH-Dome;14817;По запросу;Руб.
125183;EXPTC000;Кожухи для видеокамер (Ex);VIDEOTEC;Кожух VIDEOTEC EXPTC000;605888;605888;Руб.
124894;HPV42K1A160;Кожухи для видеокамер (Ex);VIDEOTEC;Корпус VIDEOTEC HPV42K1A160;11557;11261;Руб.
140827;WCH32 T (с блендой);Кожухи для видеокамер (Ex);Wizebox;Термокожух Wizebox WCH32 T (с блендой);129313;117000;Руб.
162016;WEX40-220V-03;Кожухи для видеокамер (Ex);Wizebox;Термокожух Wizebox WEX40-220V-03 для защиты телекамер;130271;По запросу;Руб.
124791;NTM1K1000;Кожухи для видеокамер (Ex);VIDEOTEC;Термокожух VIDEOTEC NTM1K1000;143581;177810;Руб.
162000;SVS26-42V-mbsc25;Кожухи для видеокамер (Ex);Wizebox;Термокожух Wizebox SVS26-42V-mbsc25 с кронштейном;9675;По запросу;Руб.
161968;SVS26PAV-12V;Кожухи для видеокамер (Ex);Wizebox;Кожух Wizebox SVS26PAV-12V защитный для IP-камер;12464;По запросу;Руб.
200487;ICH-300M;Кожухи для видеокамер (Ex);Infinity;Гермокожух Infinity ICH-300M;1805;33;Руб.
159359;EH5729-3;Кожухи для видеокамер (Ex);PELCO;Термокожух PELCO EH5729-3;55730;71196;Руб.
110967;SHB-4300H2;Кожухи для видеокамер (Ex);Samsung;Кожух Samsung SHB-4300H2;14878;По запросу;Руб.
134165;ТГБ-7-24/12;Кожухи для видеокамер (Ex);Тахион;Гермобокс Тахион ТГБ-7-24/12;9723;По запросу;Руб.
124988;WBJA;Кожухи для видеокамер (Ex);VIDEOTEC;Корпус VIDEOTEC WBJA;1259;1185;Руб.
124907;HEG37K1A074;Кожухи для видеокамер (Ex);VIDEOTEC;Корпус VIDEOTEC HEG37K1A074;16077;14817;Руб.
147753;SNCA-HRX550EXT/W;Кожухи для видеокамер (Ex);Sony;Кожух Sony SNCA-HRX550EXT/W;54133;67260;Руб.
162009;E260-IP;Кожухи для видеокамер (Ex);Wizebox;Термокожух Wizebox E260-IP с кронштейном для IP-камер;5079;По запросу;Руб.
124780;NXM2K1000B;Кожухи для видеокамер (Ex);VIDEOTEC;Кожух VIDEOTEC NXM2K1000B;71790;70383;Руб.
161977;SVS32-24V;Кожухи для видеокамер (Ex);Wizebox;Кожух Wizebox SVS32-24V защитный для видеокамер;10383;По запросу;Руб.
161961;WCH32 (с блендой);Кожухи для видеокамер (Ex);Wizebox;Кожух Wizebox WCH32 (с блендой);103451;По запросу;Руб.
106269;ICH-300M/24V;Кожухи для видеокамер (Ex);Infinity;Уличный гермокожух Infinity ICH-300M/24V;1805;2310;Руб.
140326;SHP-3701H;Кожухи для видеокамер (Ex);Samsung;Кожух Samsung SHP-3701H;17489;По запросу;Руб.
106350;DOME4-I;Кожухи для видеокамер (Ex);Arecont Vision;Кожух Arecont Vision DOME4-I;15923;По запросу;Руб.
127332;190S;Кожухи для видеокамер (Ex);RVi;Козырек RVi 190S;136;170;Руб.
100434;TNR32;Кожухи для видеокамер (Ex);Wizebox;Термокожух Wizebox TNR32;15198;13751;Руб.
137584;HPV42K2A700;Кожухи для видеокамер (Ex);VIDEOTEC;Термокожух VIDEOTEC HPV42K2A700;17410;17040;Руб.
100415;SV32P-03/04;Кожухи для видеокамер (Ex);Wizebox;Защитный кожух Wizebox SV32P-03/04;31926;28886;Руб.
100398;SVS26L-24V;Кожухи для видеокамер (Ex);Wizebox;Защитный кожух Wizebox SVS26L-24V;5439;4921;Руб.
100380;L320-24V;Кожухи для видеокамер (Ex);Wizebox;Защитный кожух Wizebox L320-24V;6765;5049;Руб.
100364;ELS320;Кожухи для видеокамер (Ex);Wizebox;Защитный кожух Wizebox ELS320;6735;5027;Руб.
158985;VGA-BUBBLE-CCLA;Кожухи для видеокамер (Ex);BOSCH;Купол BOSCH VGA-BUBBLE-CCLA;4697;5429;Руб.
100348;E210;Кожухи для видеокамер (Ex);Wizebox;Корпус термокожуха Wizebox E210;3724;2780;Руб.
154219;H3/PoE;Кожухи для видеокамер (Ex);RVi;Термокожух RVi H3/PoE;7040;8800;Руб.
159147;UHO-HBGS-51;Кожухи для видеокамер (Ex);BOSCH;Кожух BOSCH UHO-HBGS-51;17014;17453;Руб.
100427;SV32P-08;Кожухи для видеокамер (Ex);Wizebox;Защитный кожух Wizebox SV32P-08;15252;13799;Руб.
100407;SVS32-42V;Кожухи для видеокамер (Ex);Wizebox;Защитный кожух Wizebox SVS32-42V;11259;10187;Руб.
158773;VGA-BUBBLE-PCLR;Кожухи для видеокамер (Ex);BOSCH;Купол BOSCH VGA-BUBBLE-PCLR;5495;5724;Руб.
100391;SVS21L-24V;Кожухи для видеокамер (Ex);Wizebox;Защитный кожух Wizebox SVS21L-24V;4778;4323;Руб.
100373;L260;Кожухи для видеокамер (Ex);Wizebox;Защитный кожух Wizebox L260;6173;4607;Руб.
100357;EL260-24V;Кожухи для видеокамер (Ex);Wizebox;Защитный кожух Wizebox EL260-24V;5434;4056;Руб.
125190;EXPTS000;Кожухи для видеокамер (Ex);VIDEOTEC;Козырек VIDEOTEC EXPTS000;7927;8001;Руб.
124896;HPV36K1A000B;Кожухи для видеокамер (Ex);VIDEOTEC;Корпус VIDEOTEC HPV36K1A000B;6371;6223;Руб.
106229;ISE-VPC/NT;Кожухи для видеокамер (Ex);Infinity;Дымчатый купол Infinity ISE-VPC/NT;1105;1300;Руб.
162018;WEX40-220V-08;Кожухи для видеокамер (Ex);Wizebox;Термокожух Wizebox WEX40-220V-08;122608;По запросу;Руб.
162002;SVS32-12V-mbsc25;Кожухи для видеокамер (Ex);Wizebox;Термокожух Wizebox SVS32-12V-mbsc25 с кронштейном;13669;По запросу;Руб.
161970;SV26-03/04МNR;Кожухи для видеокамер (Ex);Wizebox;Кожух Wizebox SV26-03/04МNR защитный для видеокамер;11840;По запросу;Руб.
159629;CIVS-IPCA-1019=;Кожухи для видеокамер (Ex);Cisco;Купол Cisco CIVS-IPCA-1019=;2936;3262;Руб.
118973;HEM-300H-12/24;Кожухи для видеокамер (Ex);LTV;Термокожух LTV HEM-300H-12/24;3500;По запросу;Руб.
162526;PC1A;Кожухи для видеокамер (Ex);BOSCH;Кожух BOSCH PC1A погодозащитный;15911;По запросу;Руб.
133093;MX-OPT-WH;Кожухи для видеокамер (Ex);Mobotix;Кожух Mobotix MX-OPT-WH;9853;По запросу;Руб.
158439;UHI-OG-0;Кожухи для видеокамер (Ex);BOSCH;Кожух BOSCH UHI-OG-0;9305;9545;Руб.
124843;HOV32K1A000;Кожухи для видеокамер (Ex);VIDEOTEC;Корпус VIDEOTEC HOV32K1A000;9409;9186;Руб.
162011;THM32H-220V-IR;Кожухи для видеокамер (Ex);Wizebox;Термокожух Wizebox THM32H-220V-IR для защиты тепловизоров;195619;По запросу;Руб.
161979;WHT465;Кожухи для видеокамер (Ex);Wizebox;Кожух Wizebox WHT465 защитный для телекамер;19260;По запросу;Руб.
134695;CMA015;Кожухи для видеокамер (Ex);Teleste;Кожух Teleste CMA015;11261;9557;Руб.
161963;WEX40-24V-03 (с блендой);Кожухи для видеокамер (Ex);Wizebox;Кожух Wizebox WEX40-24V-03 (с блендой);149429;По запросу;Руб.
106271;ICH-310HCB;Кожухи для видеокамер (Ex);Infinity;Уличный гермокожух Infinity ICH-310HCB;2885;3150;Руб.
134128;ТВК-18 ВБ;Кожухи для видеокамер (Ex);Тахион;Гермобокс Тахион ТВК-18 ВБ;30214;По запросу;Руб.
135371;WHE32-24V;Кожухи для видеокамер (Ex);Wizebox;Защитный кожух Wizebox WHE32-24V;12876;11650;Руб.
100436;THM40;Кожухи для видеокамер (Ex);Wizebox;Термокожух Wizebox THM40;92026;78059;Руб.
100417;SV32-03/04;Кожухи для видеокамер (Ex);Wizebox;Защитный кожух Wizebox SV32-03/04;29809;26971;Руб.
100400;SVS26-12V;Кожухи для видеокамер (Ex);Wizebox;Защитный кожух Wizebox SVS26-12V;13118;11868;Руб.
159042;NIN-DMY;Кожухи для видеокамер (Ex);BOSCH;Корпус BOSCH NIN-DMY;6735;7786;Руб.
100382;LS320-24V;Кожухи для видеокамер (Ex);Wizebox;Защитный кожух Wizebox LS320-24V;7494;5593;Руб.
100366;L210;Кожухи для видеокамер (Ex);Wizebox;Защитный кожух Wizebox L210;4962;3704;Руб.
158987;VGA-BUBHD-CCLA;Кожухи для видеокамер (Ex);BOSCH;Купол BOSCH VGA-BUBHD-CCLA;7178;7363;Руб.
166079;MX-D24M-Vandal-PUBL;Кожухи для видеокамер (Ex);Mobotix;Антивандальный кожух Mobotix MX-D24M-Vandal-PUBL;9853;По запросу;Руб.
100350;EL210-12V;Кожухи для видеокамер (Ex);Wizebox;Защитный кожух Wizebox EL210-12V;4001;2986;Руб.
118974;HEB-320H-12-220;Кожухи для видеокамер (Ex);LTV;Термокожух LTV HEB-320H-12-220;7200;По запросу;Руб.
159149;UHO-HBPS-51;Кожухи для видеокамер (Ex);BOSCH;Кожух BOSCH UHO-HBPS-51;18696;19181;Руб.
100429;SV32-08;Кожухи для видеокамер (Ex);Wizebox;Защитный кожух Wizebox SV32-08;10393;9403;Руб.
100409;SVS26P-12V;Кожухи для видеокамер (Ex);Wizebox;Защитный кожух Wizebox SVS26P-12V;14338;12972;Руб.
158775;VGA-BUBBLE-PTIR;Кожухи для видеокамер (Ex);BOSCH;Купол BOSCH VGA-BUBBLE-PTIR;5495;5724;Руб.
100393;SVS21-9V;Кожухи для видеокамер (Ex);Wizebox;Защитный кожух Wizebox SVS21-9V;4545;4670;Руб.
103068;STH-1230D-PSU1;Кожухи для видеокамер (Ex);Smartec;Термокожух Smartec STH-1230D-PSU1;7504;7178;Руб.
100375;L260-24V;Кожухи для видеокамер (Ex);Wizebox;Защитный кожух Wizebox L260-24V;6154;4593;Руб.
100359;ELS260-24V;Кожухи для видеокамер (Ex);Wizebox;Защитный кожух Wizebox ELS260-24V;6075;4532;Руб.
100343;fresh 260S;Кожухи для видеокамер (Ex);Wizebox;Защитный кожух Wizebox fresh 260S;5692;4248;Руб.
124898;HPV36K2A015B;Кожухи для видеокамер (Ex);VIDEOTEC;Корпус VIDEOTEC HPV36K2A015B;8223;8001;Руб.
124835;HOT39D1A000;Кожухи для видеокамер (Ex);VIDEOTEC;Термокожух VIDEOTEC HOT39D1A000;3926;3778;Руб.
162020;WCH32 T;Кожухи для видеокамер (Ex);Wizebox;Термокожух Wizebox WCH32 T;100577;По запросу;Руб.
162004;SVS32-mbsc25;Кожухи для видеокамер (Ex);Wizebox;Термокожух Wizebox SVS32-mbsc25 с кронштейном;8558;По запросу;Руб.
161972;SV26P-03/04M;Кожухи для видеокамер (Ex);Wizebox;Кожух Wizebox SV26P-03/04M защитный для видеокамер;20022;По запросу;Руб.
100384;WHE26-12V;Кожухи для видеокамер (Ex);Wizebox;Защитный кожух Wizebox WHE26-12V;12430;11426;Руб.
103070;STH-3230D-PSU1;Кожухи для видеокамер (Ex);Smartec;Термокожух Smartec STH-3230D-PSU1;9397;8875;Руб.
155655;T92A00;Кожухи для видеокамер (Ex);AXIS;Термокожух AXIS T92A00;20265;По запросу;Руб.
100368;L210-24V;Кожухи для видеокамер (Ex);Wizebox;Защитный кожух Wizebox L210-24V;4962;3704;Руб.
158989;VGA-BUBLRG-CCLA;Кожухи для видеокамер (Ex);BOSCH;Купол BOSCH VGA-BUBLRG-CCLA;4697;5429;Руб.
100352;ELS210;Кожухи для видеокамер (Ex);Wizebox;Защитный кожух Wizebox ELS210;4185;3123;Руб.
162528;MIC-67SUNSHLD;Кожухи для видеокамер (Ex);BOSCH;Козырёк BOSCH MIC-67SUNSHLD для защиты от солнца;9216;По запросу;Руб.
133096;MX-Q24M-Vandal-ESMA;Кожухи для видеокамер (Ex);Mobotix;Кожух Mobotix MX-Q24M-Vandal-ESMA;19855;По запросу;Руб.
124925;HTG37K1A000;Кожухи для видеокамер (Ex);VIDEOTEC;Корпус VIDEOTEC HTG37K1A000;81644;100759;Руб.
124848;HOV32K1A100;Кожухи для видеокамер (Ex);VIDEOTEC;Корпус VIDEOTEC HOV32K1A100;28449;27856;Руб.
140806;WHT465IP-24V;Кожухи для видеокамер (Ex);Wizebox;Кожух Wizebox WHT465IP-24V;19931;14875;Руб.
162013;THM32;Кожухи для видеокамер (Ex);Wizebox;Термокожух Wizebox THM32 мини;92394;По запросу;Руб.
134697;CMA035;Кожухи для видеокамер (Ex);Teleste;Кожух Teleste CMA035;12743;11631;Руб.
161965;SVS32P-P13;Кожухи для видеокамер (Ex);Wizebox;Кожух Wizebox SVS32P-P13 защитный для IP-телекамер;13399;По запросу;Руб.
134157;ТГБ-4Г-220/12;Кожухи для видеокамер (Ex);Тахион;Гермобокс Тахион ТГБ-4Г-220/12;46985;По запросу;Руб.
122179;SNCA-ICPTZ/T;Кожухи для видеокамер (Ex);Sony;Кожух декоративный Sony SNCA-ICPTZ/T;28759;35754;Руб.
100438;THM40H-24V;Кожухи для видеокамер (Ex);Wizebox;Термокожух Wizebox THM40H-24V;96656;81987;Руб.
100419;SV32P-03/04NR;Кожухи для видеокамер (Ex);Wizebox;Защитный кожух Wizebox SV32P-03/04NR;19418;17539;Руб.
100402;SVS32L;Кожухи для видеокамер (Ex);Wizebox;Защитный кожух Wizebox SVS32L;6022;5448;Руб.
162006;WHE26-mbsc25;Кожухи для видеокамер (Ex);Wizebox;Термокожух Wizebox WHE26-mbsc25 с кронштейном;8104;По запросу;Руб.
161974;SV32P-03/04M;Кожухи для видеокамер (Ex);Wizebox;Кожух Wizebox SV32P-03/04M защитный для видеокамер;20489;По запросу;Руб.
159617;CIVS-IPCA-1004=;Кожухи для видеокамер (Ex);Cisco;Купол Cisco CIVS-IPCA-1004=;2936;3262;Руб.
118975;HOV-260H-12-220;Кожухи для видеокамер (Ex);LTV;Термокожух LTV HOV-260H-12-220;19400;По запросу;Руб.
156335;ТВК-07-В;Кожухи для видеокамер (Ex);Эридан;Взрывозащищённый термокожух Эридан ТВК-07-В;85993;По запросу;Руб.
159151;UHO-HGS-51;Кожухи для видеокамер (Ex);BOSCH;Кожух BOSCH UHO-HGS-51;13558;13909;Руб.
100431;WHM32-24V;Кожухи для видеокамер (Ex);Wizebox;Термокожух Wizebox WHM32-24V;28899;24513;Руб.
100411;SVS32P;Кожухи для видеокамер (Ex);Wizebox;Защитный кожух Wizebox SVS32P;11483;10390;Руб.
100395;SVS21-24/9V;Кожухи для видеокамер (Ex);Wizebox;Защитный кожух Wizebox SVS21-24/9V;4545;4670;Руб.
103065;STH-1230S;Кожухи для видеокамер (Ex);Smartec;Термокожух Smartec STH-1230S;5807;5481;Руб.
100377;LS260-24V;Кожухи для видеокамер (Ex);Wizebox;Защитный кожух Wizebox LS260-24V;6862;5122;Руб.
100361;EL320;Кожухи для видеокамер (Ex);Wizebox;Защитный кожух Wizebox EL320;6131;4576;Руб.
100345;fresh 260;Кожухи для видеокамер (Ex);Wizebox;Защитный кожух Wizebox fresh 260;5072;3786;Руб.
124903;HGV52K2A200;Кожухи для видеокамер (Ex);VIDEOTEC;Корпус VIDEOTEC HGV52K2A200;85719;84015;Руб.
124874;HPV42K1A000;Кожухи для видеокамер (Ex);VIDEOTEC;Корпус VIDEOTEC HPV42K1A000;7705;7556;Руб.
124837;HOT39D1A085;Кожухи для видеокамер (Ex);VIDEOTEC;Термокожух VIDEOTEC HOT39D1A085;5482;5334;Руб.
124804;NXW0K1000;Кожухи для видеокамер (Ex);VIDEOTEC;Кожух VIDEOTEC NXW0K1000;96758;94832;Руб.
134244;H1/12;Кожухи для видеокамер (Ex);RVi;Термокожух RVi H1/12;2376;2970;Руб.
100440;THM40HF-24V;Кожухи для видеокамер (Ex);Wizebox;Термокожух Wizebox THM40HF-24V;98072;83188;Руб.
100421;SV32-03/04NR;Кожухи для видеокамер (Ex);Wizebox;Защитный кожух Wizebox SV32-03/04NR;17298;15650;Руб.
164250;STH-6230DL-PSU2;Кожухи для видеокамер (Ex);Smartec;Термокожух Smartec STH-6230DL-PSU2;29105;По запросу;Руб.
100404;SVS32L-24V;Кожухи для видеокамер (Ex);Wizebox;Защитный кожух Wizebox SVS32L-24V;6022;5448;Руб.
158770;VGA-BUBBLE-CCLR;Кожухи для видеокамер (Ex);BOSCH;Купол BOSCH VGA-BUBBLE-CCLR;5495;5724;Руб.
100387;WHE32-12V;Кожухи для видеокамер (Ex);Wizebox;Защитный кожух Wizebox WHE32-12V;13370;12097;Руб.
155657;T95A10;Кожухи для видеокамер (Ex);AXIS;Купольный кожух AXIS T95A10;48749;По запросу;Руб.
100370;LS210-9V;Кожухи для видеокамер (Ex);Wizebox;Защитный кожух Wizebox LS210-9V;4681;4116;Руб.
100354;E260;Кожухи для видеокамер (Ex);Wizebox;Корпус термокожуха Wizebox E260;5121;3822;Руб.
125178;EXHC003R;Кожухи для видеокамер (Ex);VIDEOTEC;Кожух VIDEOTEC EXHC003R;108093;125059;Руб.
124930;HEB32K2A000B;Кожухи для видеокамер (Ex);VIDEOTEC;Корпус VIDEOTEC HEB32K2A000B;9483;8742;Руб.
140820;WEX40-220V-03 (с блендой);Кожухи для видеокамер (Ex);Wizebox;Термокожух Wizebox WEX40-220V-03 (с блендой);149429;135200;Руб.
162015;THM32H-24V;Кожухи для видеокамер (Ex);Wizebox;Термокожух Wizebox THM32H-24V мини;94032;По запросу;Руб.
161999;SVS26-12V-mbsc25;Кожухи для видеокамер (Ex);Wizebox;Термокожух Wizebox SVS26-12V-mbsc25 с кронштейном;13807;По запросу;Руб.
140662;HPV42K2A716;Кожухи для видеокамер (Ex);VIDEOTEC;Гермокожух Videotec HPV42K2A716;19707;19262;Руб.
161967;SVS26PAV-42V;Кожухи для видеокамер (Ex);Wizebox;Кожух Wizebox SVS26PAV-42V защитный для IP-камер;12245;По запросу;Руб.
118869;HEB-320H-220;Кожухи для видеокамер (Ex);LTV;Термокожух LTV HEB-320H-220;4900;По запросу;Руб.
159357;EH4718;Кожухи для видеокамер (Ex);PELCO;Термокожух PELCO EH4718;39546;38893;Руб.
134164;ТГБ-7-220/12;Кожухи для видеокамер (Ex);Тахион;Гермобокс Тахион ТГБ-7-220/12;10049;По запросу;Руб.
124905;HEG37K2A000;Кожухи для видеокамер (Ex);VIDEOTEC;Корпус VIDEOTEC HEG37K2A000;13335;12298;Руб.
124880;HPV42K2A017;Кожухи для видеокамер (Ex);VIDEOTEC;Корпус VIDEOTEC HPV42K2A017;13706;13409;Руб.
124840;OHOTS;Кожухи для видеокамер (Ex);VIDEOTEC;Козырек VIDEOTEC OHOTS;592;666;Руб.
147751;SNCA-HRX550/PRE;Кожухи для видеокамер (Ex);Sony;Кожух Sony SNCA-HRX550/PRE;92195;114578;Руб.
162008;WHE32-mbsc25;Кожухи для видеокамер (Ex);Wizebox;Термокожух Wizebox WHE32-mbsc25 с кронштейном;8690;По запросу;Руб.
124779;NXM1K1000B;Кожухи для видеокамер (Ex);VIDEOTEC;Кожух VIDEOTEC NXM1K1000B;71790;70383;Руб.
161976;SVS26-24V;Кожухи для видеокамер (Ex);Wizebox;Кожух Wizebox SVS26-24V защитный для видеокамер;12347;По запросу;Руб.
156337;ТВК-07-С;Кожухи для видеокамер (Ex);Эридан;Взрывозащищённый термокожух Эридан ТВК-07-С;45034;По запросу;Руб.
140325;SHP-3701F;Кожухи для видеокамер (Ex);Samsung;Кожух Samsung SHP-3701F;5285;По запросу;Руб.
106351;DOME5-I;Кожухи для видеокамер (Ex);Arecont Vision;Кожух Arecont Vision DOME5-I;8157;По запросу;Руб.
100433;WIR26P-12V;Кожухи для видеокамер (Ex);Wizebox;Термокожух Wizebox WIR26P-12V;83964;75969;Руб.
137583;HOV32K2A720;Кожухи для видеокамер (Ex);VIDEOTEC;Термокожух VIDEOTEC HOV32K2A720;27708;27116;Руб.
100414;SV26P-03/04;Кожухи для видеокамер (Ex);Wizebox;Защитный кожух Wizebox SV26P-03/04;31463;28467;Руб.
100397;SVS26L-12V;Кожухи для видеокамер (Ex);Wizebox;Защитный кожух Wizebox SVS26L-12V;5439;4921;Руб.
100379;L320-12V;Кожухи для видеокамер (Ex);Wizebox;Защитный кожух Wizebox L320-12V;6762;5047;Руб.
100363;EL320-24V;Кожухи для видеокамер (Ex);Wizebox;Защитный кожух Wizebox EL320-24V;6131;4576;Руб.
100347;fresh 260-24V;Кожухи для видеокамер (Ex);Wizebox;Защитный кожух Wizebox fresh 260-24V;5121;3822;Руб.
125004;DBH18K0F028;Кожухи для видеокамер (Ex);VIDEOTEC;Гермокожух VIDEOTEC DBH18K0F028;12002;14447;Руб.
159146;UHO-HBGS-11;Кожухи для видеокамер (Ex);BOSCH;Кожух BOSCH UHO-HBGS-11;14887;15272;Руб.
125761;HOV-260H-12-PoE;Кожухи для видеокамер (Ex);LTV;Термокожух LTV HOV-260H-12-PoE;27800;По запросу;Руб.
100442;RR26;Кожухи для видеокамер (Ex);Wizebox;Термокожух Wizebox RR26;76330;69062;Руб.
100426;SV26P-08;Кожухи для видеокамер (Ex);Wizebox;Защитный кожух Wizebox SV26P-08;13964;13634;Руб.
100406;SVS32-12V;Кожухи для видеокамер (Ex);Wizebox;Защитный кожух Wizebox SVS32-12V;12692;11483;Руб.
158772;VGA-BUBBLE-PCLA;Кожухи для видеокамер (Ex);BOSCH;Купол BOSCH VGA-BUBBLE-PCLA;5495;5724;Руб.
117297;SHB-4200H;Кожухи для видеокамер (Ex);Samsung;Термокожух Samsung SHB-4200H;6982;По запросу;Руб.
100390;SVS21L-12V;Кожухи для видеокамер (Ex);Wizebox;Защитный кожух Wizebox SVS21L-12V;4778;4323;Руб.
103069;STH-3230D;Кожухи для видеокамер (Ex);Smartec;Термокожух Smartec STH-3230D;7439;7830;Руб.
100372;LS210-24/9V;Кожухи для видеокамер (Ex);Wizebox;Защитный кожух Wizebox LS210-24/9V;4681;4116;Руб.
100356;EL260-12V;Кожухи для видеокамер (Ex);Wizebox;Защитный кожух Wizebox EL260-12V;5434;4056;Руб.
125188;EXPTD035R;Кожухи для видеокамер (Ex);VIDEOTEC;Кожух VIDEOTEC EXPTD035R;810444;810444;Руб.
124895;HPV42K2A160;Кожухи для видеокамер (Ex);VIDEOTEC;Корпус VIDEOTEC HPV42K2A160;11557;11261;Руб.
162017;WEX40-24V-03;Кожухи для видеокамер (Ex);Wizebox;Термокожух Wizebox WEX40-24V-03 для защиты телекамер;130271;По запросу;Руб.
124792;NXL1K1000;Кожухи для видеокамер (Ex);VIDEOTEC;Термокожух VIDEOTEC NXL1K1000;130023;127430;Руб.
162001;SVS26-mbsc25;Кожухи для видеокамер (Ex);Wizebox;Термокожух Wizebox SVS26-mbsc25 с кронштейном;8045;По запросу;Руб.
161969;SV26-03/04M;Кожухи для видеокамер (Ex);Wizebox;Кожух Wizebox SV26-03/04M защитный для видеокамер;17886;По запросу;Руб.
159628;CIVS-IPCA-1018=;Кожухи для видеокамер (Ex);Cisco;Козырек Cisco CIVS-IPCA-1018=;2675;2936;Руб.
118971;HEB-320H-12/24;Кожухи для видеокамер (Ex);LTV;Термокожух LTV HEB-320H-12/24;4600;По запросу;Руб.
124989;WBMA;Кожухи для видеокамер (Ex);VIDEOTEC;Корпус VIDEOTEC WBMA;1259;1185;Руб.
158438;UHI-SBG-0;Кожухи для видеокамер (Ex);BOSCH;Кожух BOSCH UHI-SBG-0;7532;7727;Руб.
162010;THM32-IR;Кожухи для видеокамер (Ex);Wizebox;Термокожух Wizebox THM32-IR;195644;По запросу;Руб.
124781;NXM1K1050;Кожухи для видеокамер (Ex);VIDEOTEC;Кожух VIDEOTEC NXM1K1050;74828;73346;Руб.
161978;SVS32P-42V;Кожухи для видеокамер (Ex);Wizebox;Кожух Wizebox SVS32P-42V защитный для видеокамер;14543;По запросу;Руб.
161962;WEX40-220V-08 (с блендой);Кожухи для видеокамер (Ex);Wizebox;Кожух Wizebox WEX40-220V-08 (с блендой);141766;По запросу;Руб.
159459;SSEHX4E;Кожухи для видеокамер (Ex);PELCO;Козырек PELCO SSEHX4E;11420;14552;Руб.
168390;STH-5230S-HPOE;Кожухи для видеокамер (Ex);Smartec;Термокожух Smartec STH-5230S-HPOE;14813;По запросу;Руб.
159188;UHO-POE-10;Кожухи для видеокамер (Ex);BOSCH;Термокожух BOSCH UHO-POE-10;18518;19055;Руб.
135370;WHE26-24V;Кожухи для видеокамер (Ex);Wizebox;Защитный кожух Wizebox WHE26-24V;12430;7201;Руб.
100435;TNR32-12V;Кожухи для видеокамер (Ex);Wizebox;Термокожух Wizebox TNR32-12V;25265;22859;Руб.
100416;SV26-03/04;Кожухи для видеокамер (Ex);Wizebox;Защитный кожух Wizebox SV26-03/04;29302;26511;Руб.
100399;SVS26;Кожухи для видеокамер (Ex);Wizebox;Защитный кожух Wizebox SVS26;7152;6471;Руб.
100381;LS320;Кожухи для видеокамер (Ex);Wizebox;Защитный кожух Wizebox LS320;7429;5545;Руб.
100365;ELS320-24V;Кожухи для видеокамер (Ex);Wizebox;Защитный кожух Wizebox ELS320-24V;6721;5016;Руб.
158986;VGA-BUBBLE-CTIA;Кожухи для видеокамер (Ex);BOSCH;Купол BOSCH VGA-BUBBLE-CTIA;4697;5429;Руб.
166078;MX-D15-Vandal-ESMA;Кожухи для видеокамер (Ex);Mobotix;Антивандальный кожух Mobotix MX-D15-Vandal-ESMA;14817;По запросу;Руб.
100349;EL210;Кожухи для видеокамер (Ex);Wizebox;Защитный кожух Wizebox EL210;4001;2986;Руб.
159148;UHO-HBPS-11;Кожухи для видеокамер (Ex);BOSCH;Кожух BOSCH UHO-HBPS-11;17101;17544;Руб.
100428;SV26-08;Кожухи для видеокамер (Ex);Wizebox;Защитный кожух Wizebox SV26-08;9708;8783;Руб.
100408;SVS26P;Кожухи для видеокамер (Ex);Wizebox;Защитный кожух Wizebox SVS26P;11605;9396;Руб.
158774;VGA-BUBBLE-PTIA;Кожухи для видеокамер (Ex);BOSCH;Купол BOSCH VGA-BUBBLE-PTIA;5495;5724;Руб.
100392;SVS21;Кожухи для видеокамер (Ex);Wizebox;Защитный кожух Wizebox SVS21;5162;4670;Руб.
100374;L260-12V;Кожухи для видеокамер (Ex);Wizebox;Защитный кожух Wizebox L260-12V;6149;5490;Руб.
100358;ELS260;Кожухи для видеокамер (Ex);Wizebox;Защитный кожух Wizebox ELS260;6064;4526;Руб.
165413;SHB-4200;Кожухи для видеокамер (Ex);Samsung;Кожух Samsung SHB-4200;5416;По запросу;Руб.
124897;HPV36K2A000B;Кожухи для видеокамер (Ex);VIDEOTEC;Корпус VIDEOTEC HPV36K2A000B;6371;6223;Руб.
124834;HOT39K2A000;Кожухи для видеокамер (Ex);VIDEOTEC;Термокожух VIDEOTEC HOT39K2A000;4667;4519;Руб.
162019;WCH32;Кожухи для видеокамер (Ex);Wizebox;Термокожух Wizebox WCH32;89403;По запросу;Руб.
124801;NTL1K1500;Кожухи для видеокамер (Ex);VIDEOTEC;Термокожух VIDEOTEC NTL1K1500;513871;503795;Руб.
162003;SVS32-42V-mbsc25;Кожухи для видеокамер (Ex);Wizebox;Термокожух Wizebox SVS32-42V-mbsc25 с кронштейном;10344;По запросу;Руб.
161971;SV32-03/04МNR;Кожухи для видеокамер (Ex);Wizebox;Кожух Wizebox SV32-03/04МNR защитный для видеокамер;14462;По запросу;Руб.
159630;CIVS-IPCA-1020=;Кожухи для видеокамер (Ex);Cisco;Купол Cisco CIVS-IPCA-1020=;2936;3262;Руб.
118972;HEM-300H-220;Кожухи для видеокамер (Ex);LTV;Термокожух LTV HEM-300H-220;2900;По запросу;Руб.
162527;VDA-PLEN-DOME;Кожухи для видеокамер (Ex);BOSCH;Кожух BOSCH VDA-PLEN-DOME для крепления;6823;По запросу;Руб.
158440;UHI-OGS-0;Кожухи для видеокамер (Ex);BOSCH;Кожух BOSCH UHI-OGS-0;9925;10181;Руб.
124844;HOV32K2A000;Кожухи для видеокамер (Ex);VIDEOTEC;Корпус VIDEOTEC HOV32K2A000;9409;9186;Руб.
124812;NTW0K2000;Кожухи для видеокамер (Ex);VIDEOTEC;Кожух VIDEOTEC NTW0K2000;392960;385255;Руб.
140805;WHT465IP;Кожухи для видеокамер (Ex);Wizebox;Кожух Wizebox WHT465IP;19929;14875;Руб.
162012;THM32H-24V-IR;Кожухи для видеокамер (Ex);Wizebox;Термокожух Wizebox THM32H-24V-IR для защиты тепловизоров;195619;По запросу;Руб.
161980;WHT465-24V;Кожухи для видеокамер (Ex);Wizebox;Кожух Wizebox WHT465-24V защитный для телекамер;19262;По запросу;Руб.
134696;CMA025;Кожухи для видеокамер (Ex);Teleste;Кожух Teleste CMA025;11779;9557;Руб.
161964;WEX40-24V-08 (с блендой);Кожухи для видеокамер (Ex);Wizebox;Кожух Wizebox WEX40-24V-08 (с блендой);141766;По запросу;Руб.
118970;HEM-300H-12-220;Кожухи для видеокамер (Ex);LTV;Термокожух LTV HEM-300H-12-220;5800;По запросу;Руб.
106272;ICH-310HCB/24V;Кожухи для видеокамер (Ex);Infinity;Уличный гермокожух Infinity ICH-310HCB/24V;2885;3150;Руб.
134129;ТВК-18 ВБ-01;Кожухи для видеокамер (Ex);Тахион;Гермобокс Тахион ТВК-18 ВБ-01;61995;По запросу;Руб.
122178;SNCA-ICPTZ/C;Кожухи для видеокамер (Ex);Sony;Кожух декоративный Sony SNCA-ICPTZ/C;26855;33394;Руб.
100437;THM40H-220V;Кожухи для видеокамер (Ex);Wizebox;Термокожух Wizebox THM40H-220V;94419;80089;Руб.
100418;SV26P-03/04NR;Кожухи для видеокамер (Ex);Wizebox;Защитный кожух Wizebox SV26P-03/04NR;18943;17139;Руб.
100401;SVS26-42V;Кожухи для видеокамер (Ex);Wizebox;Защитный кожух Wizebox SVS26-42V;10518;9516;Руб.
100383;WHE26;Кожухи для видеокамер (Ex);Wizebox;Защитный кожух Wizebox WHE26;7146;6465;Руб.
103072;STH-6230D-PSU2;Кожухи для видеокамер (Ex);Smartec;Термокожух Smartec STH-6230D-PSU2;24732;22840;Руб.
100367;L210-12V;Кожухи для видеокамер (Ex);Wizebox;Защитный кожух Wizebox L210-12V;4962;3704;Руб.
158988;VGA-BUBHD-CTIA;Кожухи для видеокамер (Ex);BOSCH;Купол BOSCH VGA-BUBHD-CTIA;7178;7363;Руб.
100351;EL210-24V;Кожухи для видеокамер (Ex);Wizebox;Защитный кожух Wizebox EL210-24V;4001;2986;Руб.
161973;SV26P-03/04МNR;Кожухи для видеокамер (Ex);Wizebox;Кожух Wizebox SV26P-03/04МNR защитный для видеокамер;14890;По запросу;Руб.
159616;CIVS-IPCA-1003=;Кожухи для видеокамер (Ex);Cisco;Козырек Cisco CIVS-IPCA-1003=;2349;2610;Руб.
159408;EH5723;Кожухи для видеокамер (Ex);PELCO;Кожух PELCO EH5723;42874;54816;Руб.
159150;UHO-HGS-11;Кожухи для видеокамер (Ex);BOSCH;Кожух BOSCH UHO-HGS-11;12494;12817;Руб.
100430;WHM32;Кожухи для видеокамер (Ex);Wizebox;Термокожух Wizebox WHM32;34075;По запросу;Руб.
100410;SVS26P-42V;Кожухи для видеокамер (Ex);Wizebox;Защитный кожух Wizebox SVS26P-42V;13445;12165;Руб.
100394;SVS21-24V;Кожухи для видеокамер (Ex);Wizebox;Защитный кожух Wizebox SVS21-24V;5162;4670;Руб.
103067;STH-1230S-PSU1;Кожухи для видеокамер (Ex);Smartec;Термокожух Smartec STH-1230S-PSU1;6852;6591;Руб.
100376;LS260;Кожухи для видеокамер (Ex);Wizebox;Защитный кожух Wizebox LS260;6874;5131;Руб.
100360;E320;Кожухи для видеокамер (Ex);Wizebox;Корпус термокожуха Wizebox E320;5759;4299;Руб.
100344;fresh 260S-24V;Кожухи для видеокамер (Ex);Wizebox;Защитный кожух Wizebox fresh 260S-24V;5745;4288;Руб.
124957;HEK30K1Y000B;Кожухи для видеокамер (Ex);VIDEOTEC;Корпус VIDEOTEC HEK30K1Y000B;6816;6667;Руб.
124902;HGV52K1A100;Кожухи для видеокамер (Ex);VIDEOTEC;Корпус VIDEOTEC HGV52K1A100;85719;84015;Руб.
124873;HTV32K2A000;Кожухи для видеокамер (Ex);VIDEOTEC;Термокожух VIDEOTEC HTV32K2A000;77125;94832;Руб.
124836;HOT39D2A000;Кожухи для видеокамер (Ex);VIDEOTEC;Термокожух VIDEOTEC HOT39D2A000;3926;3778;Руб.
162005;WHE26-12V-mbsc25;Кожухи для видеокамер (Ex);Wizebox;Термокожух Wizebox WHE26-12V-mbsc25 с кронштейном;13386;По запросу;Руб.
100420;SV26-03/04NR;Кожухи для видеокамер (Ex);Wizebox;Защитный кожух Wizebox SV26-03/04NR;16800;15200;Руб.
100403;SVS32L-12V;Кожухи для видеокамер (Ex);Wizebox;Защитный кожух Wizebox SVS32L-12V;6022;5448;Руб.
100386;WHE32;Кожухи для видеокамер (Ex);Wizebox;Защитный кожух Wizebox WHE32;7729;6992;Руб.
100369;LS210;Кожухи для видеокамер (Ex);Wizebox;Защитный кожух Wizebox LS210;5515;4116;Руб.
158990;VGA-BUBLRG-CTIA;Кожухи для видеокамер (Ex);BOSCH;Купол BOSCH VGA-BUBLRG-CTIA;4697;5429;Руб.
100353;ELS210-24V;Кожухи для видеокамер (Ex);Wizebox;Защитный кожух Wizebox ELS210-24V;4185;3123;Руб.
133097;MX-Q24M-Vandal-ESPO;Кожухи для видеокамер (Ex);Mobotix;Кожух Mobotix MX-Q24M-Vandal-ESPO;19855;По запросу;Руб.
124929;HEB32K1A000B;Кожухи для видеокамер (Ex);VIDEOTEC;Корпус VIDEOTEC HEB32K1A000B;9483;8742;Руб.
124849;HOV32K2A200;Кожухи для видеокамер (Ex);VIDEOTEC;Корпус VIDEOTEC HOV32K2A200;28449;27856;Руб.
140819;WEX40-24V-08;Кожухи для видеокамер (Ex);Wizebox;Термокожух Wizebox WEX40-24V-08;122608;110933;Руб.
162014;THM32H-220V;Кожухи для видеокамер (Ex);Wizebox;Термокожух Wizebox THM32H-220V мини;94143;По запросу;Руб.
161966;SVS26PAV;Кожухи для видеокамер (Ex);Wizebox;Кожух Wizebox SVS26PAV защитный для IP-камер;10640;По запросу;Руб.
159352;EH3512-3HD;Кожухи для видеокамер (Ex);PELCO;Термокожух PELCO EH3512-3HD;21404;21013;Руб.
110966;SHB-4300H1;Кожухи для видеокамер (Ex);Samsung;Кожух Samsung SHB-4300H1;12855;По запросу;Руб.
134158;ТГБ-4Г-24/12;Кожухи для видеокамер (Ex);Тахион;Гермобокс Тахион ТГБ-4Г-24/12;44897;По запросу;Руб.
134245;H2/220-12;Кожухи для видеокамер (Ex);RVi;Термокожух RVi H2/220-12;5280;6600;Руб.
100439;THM40HF-220V;Кожухи для видеокамер (Ex);Wizebox;Термокожух Wizebox THM40HF-220V;98463;83519;Руб.
135288;SA-38;Идентификаторы;Rosslare;Приемник Rosslare SA-38;10637;10571;Руб.
125377;001G02805;Дополнительное оборудование СКУД;CAME;Держатель CAME 001G02805;1168;По запросу;Руб.
125337;001DIR10;Дополнительное оборудование СКУД;CAME;Фотоэлемент CAME 001DIR10;2440;По запросу;Руб.
125314;001C010;Дополнительное оборудование СКУД;CAME;Редуктор CAME 001C010;3984;По запросу;Руб.
125565;VER 900 до 10м (2,25м);Шлагбаумы и автоматика;CAME;Комплект CAME VER 900 до 10м (2,25м);12150;По запросу;Руб.
125549;ATI 5024N;Шлагбаумы и автоматика;CAME;Комплект CAME ATI 5024N;50000;По запросу;Руб.
125517;009TAG;Дополнительное оборудование СКУД;CAME;Капсула CAME 009TAG;960;По запросу;Руб.
125439;001RBE4N;Дополнительное оборудование СКУД;CAME;Плата CAME 001RBE4N;4064;По запросу;Руб.
162490;ACD-MFC-ISO;Идентификаторы;BOSCH;Идентификатор BOSCH ACD-MFC-ISO;8849;По запросу;Руб.
125330;001DB-LN;Дополнительное оборудование СКУД;CAME;Стойка CAME 001DB-LN;1276;По запросу;Руб.
125593;UNIPARK4;Шлагбаумы и автоматика;CAME;Комплект CAME UNIPARK4;65592;По запросу;Руб.
125542;FROG;Шлагбаумы и автоматика;CAME;Комплект CAME FROG;61168;По запросу;Руб.
125499;002ZL170N;Дополнительное оборудование СКУД;CAME;Блок управления CAME 002ZL170N;7840;По запросу;Руб.
154300;PNSoft-Max;Сетевые СКУД;Parsec;Программное обеспечение Parsec PNSoft-Max;57213;По запросу;Руб.
154273;PNSoft-AR;Сетевые СКУД;Parsec;Модуль Parsec PNSoft-AR;10217;По запросу;Руб.
154236;ACTIVETAG.2;Идентификаторы;Parsec;Активные метки Parsec ACTIVETAG.2;1635;По запросу;Руб.
135305;SA-28G;Идентификаторы;Rosslare;Передатчик Rosslare SA-28G;3719;4046;Руб.
125938;AU01;Сетевые СКУД;PERCo;ИК-пульт PERCo AU01;654;939;Руб.
125350;001E782A;Дополнительное оборудование СКУД;CAME;Труба CAME 001E782A;768;По запросу;Руб.
168077;JA-112I;Радиоканальные системы безопасности;Jablotron;Индикатор Jablotron JA-112I;1629;По запросу;Руб.
135290;SA-25;Извещатели охранные;Rosslare;Приемник Rosslare SA-25;4829;5220;Руб.
125387;001G03000;Дополнительное оборудование СКУД;CAME;Устройство CAME 001G03000;22400;По запросу;Руб.
125339;001DIR30;Дополнительное оборудование СКУД;CAME;Фотоэлемент CAME 001DIR30;3136;По запросу;Руб.
125316;001CAR-4;Шлагбаумы и автоматика;CAME;Желоб CAME 001CAR-4;5840;По запросу;Руб.
125567;CBX;Шлагбаумы и автоматика;CAME;Комплект CAME СBX;26010;По запросу;Руб.
200041;KT-SMA-10Y;Сетевые СКУД;Gate;Удлинитель кабеля Gate KT-SMA-10Y;2470;2990;Руб.
125551;FERNI 1024;Шлагбаумы и автоматика;CAME;Комплект CAME FERNI 1024;66320;По запросу;Руб.
125485;002LB18;Дополнительное оборудование СКУД;CAME;Блок электроники CAME 002LB18;6160;По запросу;Руб.
154288;PNSoft-16;Сетевые СКУД;Parsec;Программное обеспечение Parsec PNSoft-16;20433;По запросу;Руб.
125409;001G0467;Дополнительное оборудование СКУД;CAME;Шарнир CAME 001G0467;8720;По запросу;Руб.
125352;001E787A;Дополнительное оборудование СКУД;CAME;Удлинитель CAME 001E787A;680;По запросу;Руб.
125332;001DF15;Дополнительное оборудование СКУД;CAME;Профиль CAME 001DF15;3352;По запросу;Руб.
125292;001ARK2;Шлагбаумы и автоматика;CAME;Барьер CAME 001ARK2;9592;По запросу;Руб.
125603;ATI 3000;Шлагбаумы и автоматика;CAME;Комплект CAME ATI 3000;30000;По запросу;Руб.
125560;BK-2200;Шлагбаумы и автоматика;CAME;Комплект CAME BK-2200;28160;По запросу;Руб.
125510;009CCT;Дополнительное оборудование СКУД;CAME;Цепь CAME 009CCT;3136;59;Руб.
125471;001V0670;Дополнительное оборудование СКУД;CAME;Плата CAME 001V0670;2440;По запросу;Руб.
154238;UIM-01;Сетевые СКУД;Parsec;Модуль Parsec UIM-01;1839;По запросу;Руб.
152488;ESIM022;;Eldes;Автодозвонщик Eldes ESIM022;4297;5037;Руб.
135247;MD-N33;Контроллеры;Rosslare;PSTN модем Rosslare MD-N33;14552;14291;Руб.
168096;JA-150R;Радиоканальные системы безопасности;Jablotron;Ретранслятор радиосигнала Jablotron JA-150R;19262;По запросу;Руб.
158496;API-AMC2-8IOE;Адресные системы пожарной сигнализации;BOSCH;Модуль расширения BOSCH API-AMC2-8IOE;43796;46401;Руб.
135299;SA-20;Извещатели охранные;Rosslare;Датчик Rosslare SA-20;5351;5807;Руб.
135157;MD-D02;Дополнительное оборудование СКУД;Rosslare;Плата Rosslare MD-D02;11420;12660;Руб.
125394;001G03755DX;Дополнительное оборудование СКУД;CAME;Шарнир CAME 001G03755DX;11680;По запросу;Руб.
125846;43,606;Дополнительное оборудование СКУД;OMA;Приемник пропусков OMA 43.606;61600;По запросу;Руб.
125341;001DIR-PN;Дополнительное оборудование СКУД;CAME;Стойка CAME 001DIR-PN;775;По запросу;Руб.
125325;001CMS;Дополнительное оборудование СКУД;CAME;Ручка CAME 001CMS;4720;По запросу;Руб.
156828;SNR-ERD-3s;Контроллеры;SNR;Устройство SNR SNR-ERD-3s;4241;По запросу;Руб.
125588;CAT 220;Шлагбаумы и автоматика;CAME;Комплект CAME CAT 220;76720;По запросу;Руб.
125569;CBX E24;Шлагбаумы и автоматика;CAME;Комплект CAME СBX E24;39060;По запросу;Руб.
125553;BX-243;Шлагбаумы и автоматика;CAME;Комплект CAME BX-243;14400;По запросу;Руб.
125533;KRONO 310;Шлагбаумы и автоматика;CAME;Комплект CAME KRONO 310;26640;По запросу;Руб.
163449;AG-200 (комплект);Дополнительное оборудование ОПС;Optimus;GSM-сигнализация Optimus AG-200 (комплект) беспроводная;4942;По запросу;Руб.
125487;002LB22;Дополнительное оборудование СКУД;CAME;Плата CAME 002LB22;1376;По запросу;Руб.
163433;PNOffice-08;Сетевые СКУД;Parsec;Программный комплекс Parsec PNOffice-08;6811;По запросу;Руб.
135280;GCK-01;Дополнительное оборудование СКУД;Rosslare;Комплект Rosslare GCK-01;47051;45223;Руб.
125961;BH01 0-00;Ограждения;PERCo;Патрубок PERCo BH01 0-00;396;569;Руб.
125361;001FL-180;Дополнительное оборудование СКУД;CAME;Цепная передача CAME 001FL-180;6320;По запросу;Руб.
125334;001DF20;Дополнительное оборудование СКУД;CAME;Профиль CAME 001DF20;4152;По запросу;Руб.
125310;001C002;Дополнительное оборудование СКУД;CAME;Разблокиратор CAME 001C002;1224;По запросу;Руб.
125562;BY-3500T;Шлагбаумы и автоматика;CAME;Комплект CAME BY-3500T;87920;По запросу;Руб.
200035;Relay;Сетевые СКУД;Gate;Плата Gate Relay релейная;917;1210;Руб.
125546;STYLO;Шлагбаумы и автоматика;CAME;Комплект CAME STYLO;41200;По запросу;Руб.
125512;009CGZ6;Дополнительное оборудование СКУД;CAME;Рейка CAME 009CGZ6;1784;По запросу;Руб.
125452;001SET-J;Дополнительное оборудование СКУД;CAME;Ключ CAME 001SET-J;1384;По запросу;Руб.
154280;PNSoft-AI;Сетевые СКУД;Parsec;Модуль Parsec PNSoft-AI;13622;По запросу;Руб.
154243;NI-A01-USB;Сетевые СКУД;Parsec;Интерфейс Parsec NI-A01-USB;3951;По запросу;Руб.
162487;ACD-ATR14CS;Идентификаторы;BOSCH;Идентификатор BOSCH ACD-ATR14CS;3755;По запросу;Руб.
152126;SmartGARD;;Tantos;Сигнализация Tantos SmartGARD;9462;По запросу;Руб.
152490;ESIM264;GSM мониторинг;Eldes;Охранная панель Eldes ESIM264;8223;9631;Руб.
125489;002LB54;Дополнительное оборудование СКУД;CAME;Плата CAME 002LB54;2984;По запросу;Руб.
163435;PNOffice-AR;Сетевые СКУД;Parsec;Модуль учета рабочего времени Parsec PNOffice-AR;10217;По запросу;Руб.
125465;001TOP-A433N;Дополнительное оборудование СКУД;CAME;Антенна CAME 001TOP-A433N;720;По запросу;Руб.
168163;JA-186JW;Радиоканальные системы безопасности;Jablotron;Брелок Jablotron JA-186JW;1926;По запросу;Руб.
158580;ISP-MCS2-FP110;Извещатели охранные;BOSCH;Магнитный контакт BOSCH ISP-MCS2-FP110;2881;3061;Руб.
154232;NIP-A01;Сетевые СКУД;Parsec;Интерфейс Parsec NIP-A01;1226;По запросу;Руб.
160359;ST-AC103RC;Кнопки выхода;Smartec;Пульт управления Smartec ST-AC103RC;587;По запросу;Руб.
136972;ST-ER115;Кнопки выхода;Smartec;Устройство разблокировки двери Smartec ST-ER115;652;978;Руб.
135301;SA-33;Идентификаторы;Rosslare;Передатчик Rosslare SA-33;1696;3197;Руб.
125932;IC02;Сетевые СКУД;PERCo;Картоприемник PERCo IC02;33028;47478;Руб.
125343;001DIRZ;Дополнительное оборудование СКУД;CAME;Защита CAME 001DIRZ;688;По запросу;Руб.
125327;001DBC01;Дополнительное оборудование СКУД;CAME;Комплект CAME 001DBC01;3512;По запросу;Руб.
125590;UNIPARK1;Шлагбаумы и автоматика;CAME;Комплект CAME UNIPARK1;19752;По запросу;Руб.
125571;EMEGA 456;Шлагбаумы и автоматика;CAME;Комплект CAME EMEGA 456;20640;По запросу;Руб.
125555;BX-68;Шлагбаумы и автоматика;CAME;Комплект CAME BX-68;15920;По запросу;Руб.
125537;AXO 7;Шлагбаумы и автоматика;CAME;Комплект CAME AXO 7;46880;По запросу;Руб.
158074;THP 2020 A;Дополнительное оборудование СКУД;BOSCH;Термопринтер BOSCH THP 2020 A;138961;146363;Руб.
135282;GCK-03;Дополнительное оборудование СКУД;Rosslare;Комплект Rosslare GCK-03;32694;31976;Руб.
137330;001DD-1KA;Дополнительное оборудование СКУД;CAME;Сигнальная лампа CAME 001DD-1KA;3024;По запросу;Руб.
125336;001DFI;Дополнительное оборудование СКУД;CAME;Плата CAME 001DFI;1168;По запросу;Руб.
125312;001C005;Дополнительное оборудование СКУД;CAME;Система CAME 001C005;4464;По запросу;Руб.
125564;BK-1200P;Шлагбаумы и автоматика;CAME;Комплект CAME BK-1200P;32800;По запросу;Руб.
125548;ATI 3024N;Шлагбаумы и автоматика;CAME;Комплект CAME ATI 3024N;48800;По запросу;Руб.
125516;009SMA2;Дополнительное оборудование СКУД;CAME;Датчик CAME 009SMA2;12240;По запросу;Руб.
163428;CNC-14-IP;Сетевые СКУД;Parsec;Ethernet–шлюз CNC-14-IP;20842;По запросу;Руб.
125438;001PSRT02;Дополнительное оборудование СКУД;CAME;Кабель CAME 001PSRT02;2656;По запросу;Руб.
154283;PNSoft-PI;Сетевые СКУД;Parsec;Модуль Parsec PNSoft-PI;14985;По запросу;Руб.
154247;PNSoft-VV;Сетевые СКУД;Parsec;Модуль Parsec PNSoft-VV;5109;По запросу;Руб.
162489;ACD-ICL2K-2AR;Идентификаторы;BOSCH;Идентификатор BOSCH ACD-ICL2K-2AR;33964;По запросу;Руб.
152492;EWR2;GSM мониторинг;Eldes;Ретранслятор Eldes EWR2;5482;6371;Руб.
125592;UNIPARK3;Шлагбаумы и автоматика;CAME;Комплект CAME UNIPARK3;50312;По запросу;Руб.
159097;ICP-MAP0111;Адресные системы пожарной сигнализации;BOSCH;Корпус панели BOSCH ICP-MAP0111;27610;29332;Руб.
125573;H1003;Шлагбаумы и автоматика;CAME;Комплект CAME H1003;13560;По запросу;Руб.
125557;BX-246;Шлагбаумы и автоматика;CAME;Комплект CAME BX-246;22720;По запросу;Руб.
125491;002LBD2;Дополнительное оборудование СКУД;CAME;Плата CAME 002LBD2;1488;По запросу;Руб.
163437;PNOffice-WS;Сетевые СКУД;Parsec;Модуль дополнительной рабочей станции Parsec PNOffice-WS;4428;По запросу;Руб.
125447;001S0002;Дополнительное оборудование СКУД;CAME;Блок электроники CAME 001S0002;3080;По запросу;Руб.
154299;PNSoft-DS;Сетевые СКУД;Parsec;Модуль Parsec PNSoft-DS;52786;По запросу;Руб.
154234;NMO-04;Сетевые СКУД;Parsec;Расширитель Parsec NMO-04;1226;По запросу;Руб.
135304;SA-27G;Идентификаторы;Rosslare;Передатчик Rosslare SA-27G;3458;3719;Руб.
135244;MD-08B;Дополнительное оборудование СКУД;Rosslare;Программатор Rosslare MD-08B;5220;5090;Руб.
125349;001E781A;Дополнительное оборудование СКУД;CAME;Принадлежности для передающей системы CAME 001E781A;768;По запросу;Руб.
125329;001DBC04;Дополнительное оборудование СКУД;CAME;Фотоэлемент CAME 001DBC04;2288;По запросу;Руб.
137334;001G03755SX;Дополнительное оборудование СКУД;CAME;Шарнир CAME 001G03755SX;11680;По запросу;Руб.
161636;SNR-tunablebox;Считыватели;SNR;Программатор XFP/SFP SNR SNR-tunablebox;67020;По запросу;Руб.
136949;ST-DH605U;Замки;Smartec;Фиксатор Smartec ST-DH605U;2349;2871;Руб.
135289;SA-22;Приёмно-контрольные приборы;Rosslare;Приемник Rosslare SA-22;5807;6330;Руб.
125430;001H3000;Дополнительное оборудование СКУД;CAME;Система CAME 001H3000;3760;По запросу;Руб.
137440;IC03;Сетевые СКУД;PERCo;Картоприемник PERCo IC03;33028;47478;Руб.
125338;001DIR20;Дополнительное оборудование СКУД;CAME;Фотоэлемент CAME 001DIR20;2872;По запросу;Руб.
125315;001CAR-2;Шлагбаумы и автоматика;CAME;Желоб CAME 001CAR-2;5840;По запросу;Руб.
125566;VER 700 до 14м (2,25м);Шлагбаумы и автоматика;CAME;Комплект CAME VER 700 до 14м (2,25м);18900;По запросу;Руб.
125520;119RIP100;Дополнительное оборудование СКУД;CAME;Разблокиратор CAME 119RIP100;1064;По запросу;Руб.
125484;002BN1;Дополнительное оборудование СКУД;CAME;Плата CAME 002BN1;1800;По запросу;Руб.
125440;001RBE4RC;Дополнительное оборудование СКУД;CAME;Приемник CAME 001RBE4RC;8736;По запросу;Руб.
158493;API-AMC2-16IOE;Адресные системы пожарной сигнализации;BOSCH;Модуль расширения BOSCH API-AMC2-16IOE;51840;54923;Руб.
125408;001G0465;Дополнительное оборудование СКУД;CAME;Шторка CAME 001G0465;6000;По запросу;Руб.
135150;CP-R26;Считыватели;Rosslare;Программатор карт Rosslare CP-R26;37915;37262;Руб.
125351;001E785A;Дополнительное оборудование СКУД;CAME;Тяга CAME 001E785A;1936;По запросу;Руб.
125331;001DELTA-I;Дополнительное оборудование СКУД;CAME;Фотоэлемент CAME 001DELTA-I;2440;По запросу;Руб.
125559;BK-1800;Шлагбаумы и автоматика;CAME;Комплект CAME BK-1800;24800;По запросу;Руб.
125543;Super Frog;Шлагбаумы и автоматика;CAME;Комплект CAME Super Frog;699920;По запросу;Руб.
125508;002ZR24;Дополнительное оборудование СКУД;CAME;Блок управления CAME 002ZR24;4080;По запросу;Руб.
154302;PNSoft-PRO;Сетевые СКУД;Parsec;Программное обеспечение Parsec PNSoft-PRO;170275;По запросу;Руб.
154237;ActiveTag.I2;Идентификаторы;Parsec;Активные метки Parsec ActiveTag.I2;1839;По запросу;Руб.
152485;ELAN3-ALARM;Контроллеры;Eldes;Коммуникатор Eldes ELAN3-ALARM;3630;4222;Руб.
135246;MD-N32;Контроллеры;Rosslare;Конвертер Rosslare MD-N32;12138;11876;Руб.
158495;API-AMC2-4WE;Адресные системы пожарной сигнализации;BOSCH;Модуль расширения BOSCH API-AMC2-4WE;69715;73862;Руб.
135291;SA-29;Идентификаторы;Rosslare;Повторитель Rosslare SA-29;5024;5481;Руб.
125393;001G03751;Дополнительное оборудование СКУД;CAME;Держатель CAME 001G03751;1696;По запросу;Руб.
125845;43,601;Дополнительное оборудование СКУД;OMA;Приемник пропусков OMA 43.601;50435;По запросу;Руб.
125340;001DIR-LN;Дополнительное оборудование СКУД;CAME;Стойка CAME 001DIR-LN;1272;По запросу;Руб.
125317;001CAT-15;Шлагбаумы и автоматика;CAME;Цепь CAME 001CAT-15;3680;По запросу;Руб.
137342;SCB12-1,2;Дополнительное оборудование СКУД;CAME;Аккумулятор CAME SCB12-1,2;640;По запросу;Руб.
156827;SNR-ERD-3c;Контроллеры;SNR;Устройство SNR SNR-ERD-3c;3393;По запросу;Руб.
125568;CBXK;Шлагбаумы и автоматика;CAME;Комплект CAME CBXK;26400;По запросу;Руб.
125552;FROG 24;Шлагбаумы и автоматика;CAME;Комплект CAME FROG 24;77760;По запросу;Руб.
125532;PSSRV1;Дополнительное оборудование СКУД;CAME;Светофор CAME PSSRV1;5200;По запросу;Руб.
125486;002LB180;Дополнительное оборудование СКУД;CAME;Плата CAME 002LB180;6224;По запросу;Руб.
154289;PNSoft-PO;Сетевые СКУД;Parsec;Модуль Parsec PNSoft-PO;20433;По запросу;Руб.
154255;PNSoft-WS;Сетевые СКУД;Parsec;Рабочая станция Parsec PNSoft-WS;6811;По запросу;Руб.
135310;MD-CC101;Дополнительное оборудование ОПС;Rosslare;GSM коммуникатор Rosslare MD-CC101;11550;12594;Руб.
125960;BH01 1-00;Ограждения;PERCo;Поручень PERCo BH01 1-00;1840;2645;Руб.
125333;001DF17;Дополнительное оборудование СКУД;CAME;Профиль CAME 001DF17;3664;По запросу;Руб.
125297;001B4353;Дополнительное оборудование СКУД;CAME;Цепная передача CAME 001B4353;7664;По запросу;Руб.
125606;ATI 5000;Шлагбаумы и автоматика;CAME;Комплект для ворот CAME ATI 5000;31920;По запросу;Руб.
125561;BK-221;Шлагбаумы и автоматика;CAME;Комплект CAME BK-221;37840;По запросу;Руб.
125475;001V0686;Дополнительное оборудование СКУД;CAME;Профиль CAME 001V0686;7120;По запросу;Руб.
154241;NI-TW;Сетевые СКУД;Parsec;Интерфейс Parsec NI-TW;3338;По запросу;Руб.
162486;ACA-ICL256-2AR;Идентификаторы;BOSCH;Идентификатор BOSCH ACA-ICL256-2AR;16983;По запросу;Руб.
168162;JA-186JK;Радиоканальные системы безопасности;Jablotron;Брелок Jablotron JA-186JK;1926;По запросу;Руб.
154295;PNSoft-32;Сетевые СКУД;Parsec;Программное обеспечение Parsec PNSoft-32;31331;По запросу;Руб.
168097;JA-111R;Радиоканальные системы безопасности;Jablotron;Адресный интерфейс Jablotron JA-111R;11335;По запросу;Руб.
135300;SA-03;Радиоканальные системы безопасности;Rosslare;Передатчик Rosslare SA-03;2936;3197;Руб.
135158;MD-IO84;Дополнительное оборудование СКУД;Rosslare;Плата Rosslare MD-IO84;11942;13247;Руб.
125395;001G03756;Дополнительное оборудование СКУД;CAME;Вставка CAME 001G03756;616;По запросу;Руб.
125342;001DIR-S;Дополнительное оборудование СКУД;CAME;Переходник CAME 001DIR-S;160;По запросу;Руб.
125326;001CSSN;Дополнительное оборудование СКУД;CAME;Стойка CAME 001CSSN;2440;По запросу;Руб.
137338;262-30*8(264);Дополнительное оборудование СКУД;CAME;Рейка CAME 262-30*8(264);472;По запросу;Руб.
125589;CAT 24;Шлагбаумы и автоматика;CAME;Комплект CAME CAT 24;87920;По запросу;Руб.
125570;CBX ET;Шлагбаумы и автоматика;CAME;Комплект CAME СBX ET;34380;По запросу;Руб.
125554;BX-64;Шлагбаумы и автоматика;CAME;Комплект CAME BX-64;14400;По запросу;Руб.
125536;AXO 4;Шлагбаумы и автоматика;CAME;Комплект CAME AXO 4;45600;По запросу;Руб.
125488;002LB38;Дополнительное оборудование СКУД;CAME;Плата CAME 002LB38;2496;По запросу;Руб.
163434;PNOffice-16;Сетевые СКУД;Parsec;Программный комплекс Parsec PNOffice-16;13622;По запросу;Руб.
125464;001TOP-A40;Дополнительное оборудование СКУД;CAME;Антенна CAME 001TOP-A40;720;По запросу;Руб.
135281;GCK-02;Дополнительное оборудование СКУД;Rosslare;Комплект Rosslare GCK-02;76482;75438;Руб.
125375;001G028011;Дополнительное оборудование СКУД;CAME;Устройство CAME 001G028011;34400;По запросу;Руб.
125335;001DF25;Дополнительное оборудование СКУД;CAME;Профиль CAME 001DF25;4736;По запросу;Руб.
125311;001C003;Дополнительное оборудование СКУД;CAME;Система CAME 001C003;7986;По запросу;Руб.
125563;BX-P;Шлагбаумы и автоматика;CAME;Комплект CAME BX-P;26400;По запросу;Руб.
125547;AMICO;Шлагбаумы и автоматика;CAME;Комплект CAME AMICO;43000;По запросу;Руб.
125515;009SMA;Дополнительное оборудование СКУД;CAME;Датчик CAME 009SMA;8480;По запросу;Руб.
163427;CNC-12-IP;Сетевые СКУД;Parsec;Ethernet-шлюз Parsec CNC-12-IP;13895;По запросу;Руб.
125453;001SET-K;Дополнительное оборудование СКУД;CAME;Ключ CAME 001SET-K;1328;По запросу;Руб.
154281;PNSoft-VI;Сетевые СКУД;Parsec;Модуль Parsec PNSoft-VI;13622;По запросу;Руб.
162488;ACD-ICL256-2AR;Идентификаторы;BOSCH;Идентификатор BOSCH ACD-ICL256-2AR;18770;По запросу;Руб.
168073;JA-192Y;Радиоканальные системы безопасности;Jablotron;GSM/GPRS коммуникатор Jablotron JA-192Y;10298;По запросу;Руб.
152491;ESIM364;GSM мониторинг;Eldes;Охранная панель Eldes ESIM364 (P,W);10446;12224;Руб.
125556;BX-78;Шлагбаумы и автоматика;CAME;Комплект CAME BX-78;18000;По запросу;Руб.
163468;MS-200;Извещатели охранные;Optimus;Датчик Optimus MS-200 беспроводной;565;По запросу;Руб.
125539;FERNI 1000;Шлагбаумы и автоматика;CAME;Комплект CAME FERNI 1000;37040;По запросу;Руб.
125490;002LB90;Дополнительное оборудование СКУД;CAME;Плата CAME 002LB90;2448;По запросу;Руб.
163436;PNOffice-PI;Сетевые СКУД;Parsec;Модуль печати пропусков Parsec PNOffice-PI;13622;По запросу;Руб.
125466;001TOP-A862N;Дополнительное оборудование СКУД;CAME;Антенна CAME 001TOP-A862N;720;По запросу;Руб.
125446;001S0001;Дополнительное оборудование СКУД;CAME;Блок электроники CAME 001S0001;2984;По запросу;Руб.
154269;PNSoft-08;Сетевые СКУД;Parsec;Программное обеспечение Parsec PNSoft-08;9876;По запросу;Руб.
158581;ISP-MCS3-FP110;Извещатели охранные;BOSCH;Магнитный контакт BOSCH ISP-MCS3-FP110;3438;3652;Руб.
154233;NMI-08;Сетевые СКУД;Parsec;Расширитель Parsec NMI-08;1226;По запросу;Руб.
160362;ST-ER115SL-GN;Кнопки выхода;Smartec;Устройство разблокировки двери Smartec ST-ER115SL-GN;783;По запросу;Руб.
136977;ST-EX001RF;Контроллеры;Smartec;Комплект управления Smartec ST-EX001RF;1044;1239;Руб.
135303;SA-26G;Идентификаторы;Rosslare;Передатчик Rosslare SA-26G;2936;3197;Руб.
135243;MD-08;Медиаконвертеры;Rosslare;Конвертер Rosslare MD-08;2610;2545;Руб.
135212;MP-Z02;Дополнительное оборудование СКУД;Rosslare;Дистансер Rosslare MP-Z02;1892;1827;Руб.
125403;001G0460;Дополнительное оборудование СКУД;CAME;Лампа CAME 001G0460;4160;По запросу;Руб.
125345;001DOC-LN;Дополнительное оборудование СКУД;CAME;Стойка CAME 001DOC-LN;1544;По запросу;Руб.
125328;001DBC03;Дополнительное оборудование СКУД;CAME;Фотоэлемент CAME 001DBC03;2288;По запросу;Руб.
137331;001DD-1TA433;Дополнительное оборудование СКУД;CAME;Антенна CAME 001DD-1TA433;1160;По запросу;Руб.
125591;UNIPARK2;Шлагбаумы и автоматика;CAME;Комплект CAME UNIPARK2;35032;По запросу;Руб.
125572;EMEGA 1024;Шлагбаумы и автоматика;CAME;Комплект CAME EMEGA 1024;30800;По запросу;Руб.
158143;FMC-420RW-HSGRD;Адресные системы пожарной сигнализации;BOSCH;Извещатель BOSCH FMC-420RW-HSGRD;13279;13985;Руб.
158108;FCS-320-TM;Адресные системы пожарной сигнализации;BOSCH;Извещатель BOSCH FCS-320-TM;91429;96298;Руб.
108362;OML-DAM;Технические средства охраны периметра;Optex;Извещатель Optex OML-DAM;6721;7308;Руб.
158092;FCH-T320;Адресные системы пожарной сигнализации;BOSCH;Извещатель BOSCH FCH-T320;1735;1827;Руб.
108383;BX-80NR;Технические средства охраны периметра;Optex;Извещатель Optex BX-80NR;13965;15270;Руб.
167602;МИНИТРОНИК А16-УПТ;Адресные системы пожарной сигнализации;Юнитест;Адресный модуль Юнитест МИНИТРОНИК А16-УПТ;5297;По запросу;Руб.
164180;EXPRESS-GSM;GSM мониторинг;Сибирский Арсенал;GSM сигнализация Express GSM Сибирский Арсенал;3420;По запросу;Руб.
164164;ИО 329-17 Сонар;Извещатели охранные;Сибирский Арсенал;Датчик разбития стекла Сонар Сибирский Арсенал;540;По запросу;Руб.
167765;HX-80NRAM;Технические средства охраны периметра;Optex;Извещатель Optex HX-80NRAM;20099;По запросу;Руб.
159169;FAH-425-T-R;Адресные системы пожарной сигнализации;BOSCH;Извещатель BOSCH FAH-425-T-R;4723;5122;Руб.
164323;SL-650QDP;Технические средства охраны периметра;Optex;Всепогодный извещатель Optex SL-650QDP;40133;По запросу;Руб.
135293;SA-01P;Извещатели охранные;Rosslare;Извещатель Rosslare SA-01P;6264;6786;Руб.
159059;OD850-F2;Адресные системы пожарной сигнализации;BOSCH;Извещатель BOSCH OD850-F2;9734;10341;Руб.
167285;CIR301;Дополнительное оборудование ОПС;COOPER;Неадресный ВУОС COOPER CIR301;811;По запросу;Руб.
166928;DS-PI-D40/FM;Извещатели охранные;HikVision;Оптический извещатель HikVision DS-PI-D40/FM;10341;По запросу;Руб.
159021;ISC-PMC-F3S;Извещатели охранные;BOSCH;Извещатель BOSCH ISC-PMC-F3S;984;1044;Руб.
167269;CF30004GRUS;Приёмно-контрольные приборы;COOPER;Извещатель COOPER CF30004GRUS;250607;По запросу;Руб.
168157;JA-150N;Радиоканальные системы безопасности;Jablotron;Модуль выхода Jablotron JA-150N;4667;По запросу;Руб.
158574;ISC-PDL1-WA18G;Адресные системы пожарной сигнализации;BOSCH;Извещатель BOSCH ISC-PDL1-WA18G;7956;8452;Руб.
164157;Гранит-5;Приёмно-контрольные приборы;Сибирский Арсенал;Прибор приемно-контрольный Гранит 5 Сибирский Арсенал;3785;По запросу;Руб.
164316;SL-200TNR;Технические средства охраны периметра;Optex;Инфракрасный барьер Optex SL-200TNR;17946;По запросу;Руб.
108392;HX-40;Технические средства охраны периметра;Optex;Извещатель Optex HX-40;11876;12986;Руб.
159098;ISC-PDL1-WC30H;Адресные системы пожарной сигнализации;BOSCH;Извещатель BOSCH ISC-PDL1-WC30H;4961;5551;Руб.
159052;FNM-420V-A-WH;Адресные системы пожарной сигнализации;BOSCH;Оповещатель BOSCH FNM-420V-A-WH;10471;11028;Руб.
166937;DS-PI-Q150/FM;Извещатели охранные;HikVision;Оптический извещатель HikVision DS-PI-Q150/FM;26991;По запросу;Руб.
159030;ISP-RSC3-110S;Извещатели охранные;BOSCH;Извещатель BOSCH ISP-RSC3-110S;6084;6463;Руб.
